File,Rule Name,Severity,Enabled,Tactics,Techniques,Frequency,Period,Query (short)
Analytics Rules/CUSTOM_Brute_Force_SUCCESS_-_Windows.json,CUSTOM: Brute Force SUCCESS - Windows,High,True,CredentialAccess,T1110,PT59M,PT1H,"// Brute Force Success Windows
let FailedLogons = SecurityEvent
| where EventID == 4625 and LogonType == 3
| where TimeGenerated > ago(1h)
| summarize FailureCo..."
Analytics Rules/CUSTOM_Brute_Force_SUCCESS_-_Linux_Syslog.json,CUSTOM: Brute Force SUCCESS - Linux Syslog,High,True,CredentialAccess,T1110,PT59M,PT1H,"// Brute Force Success Linux
let FailedLogons = Syslog
| where Facility == ""auth"" and SyslogMessage startswith ""Failed password for""
| where TimeGenerated > ago..."
Analytics Rules/CUSTOM_Windows_Host_Firewall_Tampering.json,CUSTOM: Windows Host Firewall Tampering,High,True,DefenseEvasion,,PT10M,PT1H,"Event
| where EventLog == ""Microsoft-Windows-Windows Firewall With Advanced Security/Firewall""
| where EventID == 2003"
Analytics Rules/CUSTOM_Brute_Force_ATTEMPT_-_Linux_Syslog.json,CUSTOM: Brute Force ATTEMPT - Linux Syslog,Medium,True,CredentialAccess,T1110,PT10M,PT1H,"// Brute Force Success Linux
let IpAddress_REGEX_PATTERN = @""\b\d{1,3}\.\d{1,3}\.\d{1,3}\.\d{1,3}\b"";
Syslog
| where Facility == ""auth"" and SyslogMessage starts..."
Analytics Rules/CUSTOM_Malware_Detected.json,CUSTOM: Malware Detected,High,True,,,PT10M,PT1H,"Event
| where EventLog == ""Microsoft-Windows-Windows Defender/Operational""
| where EventID == ""1116"" or EventID == ""1117"""
Analytics Rules/CUSTOM_Possible_Lateral_Movement_(Excessive_Password_Resets).json,CUSTOM: Possible Lateral Movement (Excessive Password Resets),Medium,True,"CredentialAccess, PrivilegeEscalation","T1555, T1078",PT5M,PT5H,"AuditLogs
| where OperationName startswith ""Change"" or OperationName startswith ""Reset""
| order by TimeGenerated
| summarize count() by tostring(InitiatedBy)
| ..."
Analytics Rules/CUSTOM_Brute_Force_ATTEMPT_-_MS_SQL_Server.json,CUSTOM: Brute Force ATTEMPT - MS SQL Server,Medium,True,CredentialAccess,T1110,PT10M,PT1H,"// Brute Force Attempt MS SQL Server
let IpAddress_REGEX_PATTERN = @""\b\d{1,3}\.\d{1,3}\.\d{1,3}\.\d{1,3}\b"";
Event
| where EventLog == ""Application""
| where Ev..."
Analytics Rules/CUSTOM_Possible_Privilege_Escalation_(Azure_Key_Vault_Critical_Credential_Retrieval_or_Update).json,CUSTOM: Possible Privilege Escalation (Azure Key Vault Critical Credential Retrieval or Update),High,True,PrivilegeEscalation,,PT10M,PT5H,"// Updating a specific existing password Success
let CRITICAL_PASSWORD_NAME = ""Tenant-Global-Admin-Password"";
AzureDiagnostics
| where ResourceProvider == ""MICR..."
Analytics Rules/CUSTOM_Possible_Privilege_Escallation_(Global_Administrator_Role_Assignment).json,CUSTOM: Possible Privilege Escallation (Global Administrator Role Assignment),High,True,PrivilegeEscalation,,PT5M,PT1H,"AuditLogs
| where OperationName == ""Add member to role"" and Result == ""success""
| where TargetResources[0].modifiedProperties[1].newValue == '""Global Administra..."
Analytics Rules/CUSTOM_Brute_Force_ATTEMPT_-_Windows.json,CUSTOM: Brute Force ATTEMPT - Windows,Medium,True,CredentialAccess,T1110,PT15M,PT1H,"// Failed logon 
SecurityEvent
| where EventID == 4625
| where TimeGenerated > ago(60m)
| summarize FailureCount = count() by AttackerIP = IpAddress, EventID, A..."
Analytics Rules/CUSTOM_Brute_Force_SUCCESS_-_Azure_Active_Directory.json,CUSTOM: Brute Force SUCCESS - Azure Active Directory,High,True,,,PT5M,PT5H,"// Failed AAD logon
let FailedLogons = SigninLogs
| where Status.failureReason == ""Invalid username or password or Invalid on-premise username or password.""
| w..."
Analytics Rules/CUSTOM_Brute_Force_ATTEMPT_-_Azure_Active_Directory.json,CUSTOM: Brute Force ATTEMPT - Azure Active Directory,Medium,True,CredentialAccess,T1110,PT10M,PT1H,"SigninLogs
| where ResultDescription == ""Invalid username or password or Invalid on-premise username or password.""
| project TimeGenerated, ResultDescription, U..."
Analytics Rules/CUSTOM_Brute_Force_ATTEMPT_-_Azure_Key_Vault.json,CUSTOM: Brute Force ATTEMPT - Azure Key Vault,Medium,True,CredentialAccess,T1110,PT10M,PT5H,"// Failed access attempts
AzureDiagnostics
| where ResourceProvider == ""MICROSOFT.KEYVAULT"" 
| where ResultSignature == ""Forbidden""

"
