{
  "$schema": "https://schema.management.azure.com/schemas/2019-04-01/deploymentTemplate.json#",
  "contentVersion": "1.0.0.0",
  "parameters": {
    "workspace": {
      "type": "String"
    }
  },
  "resources": [
    {
      "id": "[concat(resourceId('Microsoft.OperationalInsights/workspaces/providers', parameters('workspace'), 'Microsoft.SecurityInsights'),'/alertRules/dbab268c-6906-4e22-a632-8fe263025f2b')]",
      "name": "[concat(parameters('workspace'),'/Microsoft.SecurityInsights/dbab268c-6906-4e22-a632-8fe263025f2b')]",
      "type": "Microsoft.OperationalInsights/workspaces/providers/alertRules",
      "kind": "Scheduled",
      "apiVersion": "2023-12-01-preview",
      "properties": {
        "displayName": "CUSTOM: Brute Force SUCCESS - Linux Syslog",
        "description": "",
        "severity": "High",
        "enabled": true,
        "query": "// Brute Force Success Linux\nlet FailedLogons = Syslog\n| where Facility == \"auth\" and SyslogMessage startswith \"Failed password for\"\n| where TimeGenerated > ago(1h)\n| project TimeGenerated, SourceIP = extract(@\"\\b\\d{1,3}\\.\\d{1,3}\\.\\d{1,3}\\.\\d{1,3}\\b\", 0, SyslogMessage), DestinationHostName = HostName, DestinationIP = HostIP, Facility, SyslogMessage, ProcessName, SeverityLevel, Type\n| summarize FailureCount = count() by AttackerIP = SourceIP, DestinationHostName\n| where FailureCount >= 5;\nlet SuccessfulLogons = Syslog\n| where Facility == \"auth\" and SyslogMessage startswith \"Accepted password for\"\n| where TimeGenerated > ago(1h)\n| project TimeGenerated, SourceIP = extract(@\"\\b\\d{1,3}\\.\\d{1,3}\\.\\d{1,3}\\.\\d{1,3}\\b\", 0, SyslogMessage), DestinationHostName = HostName, DestinationIP = HostIP, Facility, SyslogMessage, ProcessName, SeverityLevel, Type\n| summarize SuccessfulCount = count() by SuccessTime = TimeGenerated, AttackerIP = SourceIP, DestinationHostName\n| where SuccessfulCount >= 1\n| project DestinationHostName, SuccessfulCount, AttackerIP, SuccessTime;\nlet BruteForceSuccesses = SuccessfulLogons \n| join kind = inner FailedLogons on AttackerIP, DestinationHostName;\nBruteForceSuccesses",
        "queryFrequency": "PT59M",
        "queryPeriod": "PT1H",
        "triggerOperator": "GreaterThan",
        "triggerThreshold": 0,
        "suppressionDuration": "PT5H",
        "suppressionEnabled": false,
        "startTimeUtc": null,
        "tactics": [
          "CredentialAccess"
        ],
        "techniques": [
          "T1110"
        ],
        "subTechniques": [],
        "alertRuleTemplateName": null,
        "incidentConfiguration": {
          "createIncident": true,
          "groupingConfiguration": {
            "enabled": true,
            "reopenClosedIncident": false,
            "lookbackDuration": "PT1H",
            "matchingMethod": "AllEntities",
            "groupByEntities": [],
            "groupByAlertDetails": [],
            "groupByCustomDetails": []
          }
        },
        "eventGroupingSettings": {
          "aggregationKind": "AlertPerResult"
        },
        "alertDetailsOverride": null,
        "customDetails": null,
        "entityMappings": [
          {
            "entityType": "IP",
            "fieldMappings": [
              {
                "identifier": "Address",
                "columnName": "AttackerIP"
              }
            ]
          },
          {
            "entityType": "Host",
            "fieldMappings": [
              {
                "identifier": "HostName",
                "columnName": "DestinationHostName"
              }
            ]
          }
        ],
        "sentinelEntitiesMappings": null,
        "templateVersion": null
      }
    }
  ]
}