{
  "$schema": "https://schema.management.azure.com/schemas/2019-04-01/deploymentTemplate.json#",
  "contentVersion": "1.0.0.0",
  "parameters": {
    "workspace": {
      "type": "String"
    }
  },
  "resources": [
    {
      "id": "[concat(resourceId('Microsoft.OperationalInsights/workspaces/providers', parameters('workspace'), 'Microsoft.SecurityInsights'),'/alertRules/c18a784d-5d2e-47bd-8203-bd4cc09b03d2')]",
      "name": "[concat(parameters('workspace'),'/Microsoft.SecurityInsights/c18a784d-5d2e-47bd-8203-bd4cc09b03d2')]",
      "type": "Microsoft.OperationalInsights/workspaces/providers/alertRules",
      "kind": "Scheduled",
      "apiVersion": "2023-12-01-preview",
      "properties": {
        "displayName": "CUSTOM: Brute Force ATTEMPT - MS SQL Server",
        "description": "",
        "severity": "Medium",
        "enabled": true,
        "query": "// Brute Force Attempt MS SQL Server\nlet IpAddress_REGEX_PATTERN = @\"\\b\\d{1,3}\\.\\d{1,3}\\.\\d{1,3}\\.\\d{1,3}\\b\";\nEvent\n| where EventLog == \"Application\"\n| where EventID == 18456\n| where TimeGenerated > ago(1hr)\n| project TimeGenerated, AttackerIP = extract(IpAddress_REGEX_PATTERN, 0, RenderedDescription), DestinationHostName = Computer, RenderedDescription\n| summarize FailureCount = count() by AttackerIP, DestinationHostName\n| where FailureCount >= 10",
        "queryFrequency": "PT10M",
        "queryPeriod": "PT1H",
        "triggerOperator": "GreaterThan",
        "triggerThreshold": 0,
        "suppressionDuration": "PT5H",
        "suppressionEnabled": false,
        "startTimeUtc": null,
        "tactics": [
          "CredentialAccess"
        ],
        "techniques": [
          "T1110"
        ],
        "subTechniques": [],
        "alertRuleTemplateName": null,
        "incidentConfiguration": {
          "createIncident": true,
          "groupingConfiguration": {
            "enabled": true,
            "reopenClosedIncident": false,
            "lookbackDuration": "PT5H",
            "matchingMethod": "AllEntities",
            "groupByEntities": [],
            "groupByAlertDetails": [],
            "groupByCustomDetails": []
          }
        },
        "eventGroupingSettings": {
          "aggregationKind": "SingleAlert"
        },
        "alertDetailsOverride": null,
        "customDetails": null,
        "entityMappings": [
          {
            "entityType": "Host",
            "fieldMappings": [
              {
                "identifier": "HostName",
                "columnName": "DestinationHostName"
              }
            ]
          },
          {
            "entityType": "IP",
            "fieldMappings": [
              {
                "identifier": "Address",
                "columnName": "AttackerIP"
              }
            ]
          }
        ],
        "sentinelEntitiesMappings": null,
        "templateVersion": null
      }
    }
  ]
}