{
  "$schema": "https://schema.management.azure.com/schemas/2019-04-01/deploymentTemplate.json#",
  "contentVersion": "1.0.0.0",
  "parameters": {
    "workspace": {
      "type": "String"
    }
  },
  "resources": [
    {
      "id": "[concat(resourceId('Microsoft.OperationalInsights/workspaces/providers', parameters('workspace'), 'Microsoft.SecurityInsights'),'/alertRules/b1cafe38-aa17-49a4-ac62-99198caeb3fb')]",
      "name": "[concat(parameters('workspace'),'/Microsoft.SecurityInsights/b1cafe38-aa17-49a4-ac62-99198caeb3fb')]",
      "type": "Microsoft.OperationalInsights/workspaces/providers/alertRules",
      "kind": "Scheduled",
      "apiVersion": "2023-12-01-preview",
      "properties": {
        "displayName": "CUSTOM: Possible Lateral Movement (Excessive Password Resets)",
        "description": "",
        "severity": "Medium",
        "enabled": true,
        "query": "AuditLogs\n| where OperationName startswith \"Change\" or OperationName startswith \"Reset\"\n| order by TimeGenerated\n| summarize count() by tostring(InitiatedBy)\n| project Count = count_, InitiatorId = parse_json(InitiatedBy).user.id, InitiatorUpn = parse_json(InitiatedBy).user.userPrincipalName, InitiatorIpAddress = parse_json(InitiatedBy).user.ipAddress \n| where Count >= 10\n",
        "queryFrequency": "PT5M",
        "queryPeriod": "PT5H",
        "triggerOperator": "GreaterThan",
        "triggerThreshold": 0,
        "suppressionDuration": "PT5H",
        "suppressionEnabled": false,
        "startTimeUtc": null,
        "tactics": [
          "CredentialAccess",
          "PrivilegeEscalation"
        ],
        "techniques": [
          "T1555",
          "T1078"
        ],
        "subTechniques": [],
        "alertRuleTemplateName": null,
        "incidentConfiguration": {
          "createIncident": true,
          "groupingConfiguration": {
            "enabled": true,
            "reopenClosedIncident": false,
            "lookbackDuration": "PT1H",
            "matchingMethod": "AllEntities",
            "groupByEntities": [],
            "groupByAlertDetails": [],
            "groupByCustomDetails": []
          }
        },
        "eventGroupingSettings": {
          "aggregationKind": "SingleAlert"
        },
        "alertDetailsOverride": null,
        "customDetails": null,
        "entityMappings": [
          {
            "entityType": "Account",
            "fieldMappings": [
              {
                "identifier": "AadUserId",
                "columnName": "InitiatorId"
              }
            ]
          },
          {
            "entityType": "IP",
            "fieldMappings": [
              {
                "identifier": "Address",
                "columnName": "InitiatorIpAddress"
              }
            ]
          }
        ],
        "sentinelEntitiesMappings": null,
        "templateVersion": null
      }
    }
  ]
}