{
  "$schema": "https://schema.management.azure.com/schemas/2019-04-01/deploymentTemplate.json#",
  "contentVersion": "1.0.0.0",
  "parameters": {
    "workspace": {
      "type": "String"
    }
  },
  "resources": [
    {
      "id": "[concat(resourceId('Microsoft.OperationalInsights/workspaces/providers', parameters('workspace'), 'Microsoft.SecurityInsights'),'/alertRules/4891fd6a-75e3-4b43-a5ae-33dbaaf2342e')]",
      "name": "[concat(parameters('workspace'),'/Microsoft.SecurityInsights/4891fd6a-75e3-4b43-a5ae-33dbaaf2342e')]",
      "type": "Microsoft.OperationalInsights/workspaces/providers/alertRules",
      "kind": "Scheduled",
      "apiVersion": "2023-12-01-preview",
      "properties": {
        "displayName": "CUSTOM: Brute Force ATTEMPT - Azure Active Directory",
        "description": "",
        "severity": "Medium",
        "enabled": true,
        "query": "SigninLogs\n| where ResultDescription == \"Invalid username or password or Invalid on-premise username or password.\"\n| project TimeGenerated, ResultDescription, UserPrincipalName, UserId, AppDisplayName, IPAddress, IPAddressFromResourceProvider, City = LocationDetails.city, State = LocationDetails.state, Country = LocationDetails.country, Latitude = LocationDetails.geoCoordinates.latitude, Longitude = LocationDetails.geoCoordinates.longitude",
        "queryFrequency": "PT10M",
        "queryPeriod": "PT1H",
        "triggerOperator": "GreaterThan",
        "triggerThreshold": 9,
        "suppressionDuration": "PT5H",
        "suppressionEnabled": false,
        "startTimeUtc": null,
        "tactics": [
          "CredentialAccess"
        ],
        "techniques": [
          "T1110"
        ],
        "subTechniques": [],
        "alertRuleTemplateName": null,
        "incidentConfiguration": {
          "createIncident": true,
          "groupingConfiguration": {
            "enabled": true,
            "reopenClosedIncident": false,
            "lookbackDuration": "PT1H",
            "matchingMethod": "AllEntities",
            "groupByEntities": [],
            "groupByAlertDetails": [],
            "groupByCustomDetails": []
          }
        },
        "eventGroupingSettings": {
          "aggregationKind": "SingleAlert"
        },
        "alertDetailsOverride": null,
        "customDetails": null,
        "entityMappings": [
          {
            "entityType": "Account",
            "fieldMappings": [
              {
                "identifier": "AadUserId",
                "columnName": "UserId"
              }
            ]
          },
          {
            "entityType": "IP",
            "fieldMappings": [
              {
                "identifier": "Address",
                "columnName": "IPAddress"
              }
            ]
          }
        ],
        "sentinelEntitiesMappings": null,
        "templateVersion": null
      }
    }
  ]
}