{
  "$schema": "https://schema.management.azure.com/schemas/2019-04-01/deploymentTemplate.json#",
  "contentVersion": "1.0.0.0",
  "parameters": {
    "workspace": {
      "type": "String"
    }
  },
  "resources": [
    {
      "id": "[concat(resourceId('Microsoft.OperationalInsights/workspaces/providers', parameters('workspace'), 'Microsoft.SecurityInsights'),'/alertRules/e95fd1bb-b03a-4046-843b-1453a0a95482')]",
      "name": "[concat(parameters('workspace'),'/Microsoft.SecurityInsights/e95fd1bb-b03a-4046-843b-1453a0a95482')]",
      "type": "Microsoft.OperationalInsights/workspaces/providers/alertRules",
      "kind": "Scheduled",
      "apiVersion": "2023-12-01-preview",
      "properties": {
        "displayName": "CUSTOM: Brute Force SUCCESS - Azure Active Directory",
        "description": "",
        "severity": "High",
        "enabled": true,
        "query": "// Failed AAD logon\nlet FailedLogons = SigninLogs\n| where Status.failureReason == \"Invalid username or password or Invalid on-premise username or password.\"\n| where TimeGenerated > ago(1h)\n| project TimeGenerated, Status = Status.failureReason, UserPrincipalName, UserId, UserDisplayName, AppDisplayName, AttackerIP = IPAddress, IPAddressFromResourceProvider, City = LocationDetails.city, State = LocationDetails.state, Country = LocationDetails.country, Latitude = LocationDetails.geoCoordinates.latitude, Longitude = LocationDetails.geoCoordinates.longitude\n| summarize FailureCount = count() by AttackerIP, UserPrincipalName;\nlet SuccessfulLogons = SigninLogs\n| where Status.errorCode == 0 \n| where TimeGenerated > ago(1h)\n| project TimeGenerated, Status = Status.errorCode, UserPrincipalName, UserId, UserDisplayName, AppDisplayName, AttackerIP = IPAddress, IPAddressFromResourceProvider, City = LocationDetails.city, State = LocationDetails.state, Country = LocationDetails.country, Latitude = LocationDetails.geoCoordinates.latitude, Longitude = LocationDetails.geoCoordinates.longitude\n| summarize SuccessCount = count() by AuthenticationSuccessTime = TimeGenerated, AttackerIP, UserPrincipalName, UserId, UserDisplayName;\nlet BruteForceSuccesses = SuccessfulLogons\n| join kind = inner FailedLogons on AttackerIP, UserPrincipalName;\nBruteForceSuccesses\n| project AttackerIP, TargetAccount = UserPrincipalName, UserId, FailureCount, SuccessCount, AuthenticationSuccessTime",
        "queryFrequency": "PT5M",
        "queryPeriod": "PT5H",
        "triggerOperator": "GreaterThan",
        "triggerThreshold": 0,
        "suppressionDuration": "PT5H",
        "suppressionEnabled": false,
        "startTimeUtc": null,
        "tactics": [],
        "techniques": [],
        "subTechniques": [],
        "alertRuleTemplateName": null,
        "incidentConfiguration": {
          "createIncident": true,
          "groupingConfiguration": {
            "enabled": true,
            "reopenClosedIncident": false,
            "lookbackDuration": "PT5H",
            "matchingMethod": "AllEntities",
            "groupByEntities": [],
            "groupByAlertDetails": [],
            "groupByCustomDetails": []
          }
        },
        "eventGroupingSettings": {
          "aggregationKind": "AlertPerResult"
        },
        "alertDetailsOverride": null,
        "customDetails": null,
        "entityMappings": [
          {
            "entityType": "IP",
            "fieldMappings": [
              {
                "identifier": "Address",
                "columnName": "AttackerIP"
              }
            ]
          },
          {
            "entityType": "Account",
            "fieldMappings": [
              {
                "identifier": "AadUserId",
                "columnName": "UserId"
              }
            ]
          }
        ],
        "sentinelEntitiesMappings": null,
        "templateVersion": null
      }
    }
  ]
}