{
  "$schema": "https://schema.management.azure.com/schemas/2019-04-01/deploymentTemplate.json#",
  "contentVersion": "1.0.0.0",
  "parameters": {
    "workspace": {
      "type": "String"
    }
  },
  "resources": [
    {
      "id": "[concat(resourceId('Microsoft.OperationalInsights/workspaces/providers', parameters('workspace'), 'Microsoft.SecurityInsights'),'/alertRules/d333ea31-4077-48a4-ad0e-c43909edde93')]",
      "name": "[concat(parameters('workspace'),'/Microsoft.SecurityInsights/d333ea31-4077-48a4-ad0e-c43909edde93')]",
      "type": "Microsoft.OperationalInsights/workspaces/providers/alertRules",
      "kind": "Scheduled",
      "apiVersion": "2023-12-01-preview",
      "properties": {
        "displayName": "CUSTOM: Possible Privilege Escallation (Global Administrator Role Assignment)",
        "description": "",
        "severity": "High",
        "enabled": true,
        "query": "AuditLogs\n| where OperationName == \"Add member to role\" and Result == \"success\"\n| where TargetResources[0].modifiedProperties[1].newValue == '\"Global Administrator\"' or TargetResources[0].modifiedProperties[1].newValue == '\"Company Administrator\"' and TargetResources[0].type == \"User\"\n| where TimeGenerated > ago(60m)\n| project\n    TimeGenerated,\n    OperationName,\n    AssignedRole = TargetResources[0].modifiedProperties[1].newValue,\n    Status = Result,\n    TargetResources,\n    InitiatorID = InitiatedBy[\"user\"][\"id\"],\n    TargetID = TargetResources[0][\"id\"]",
        "queryFrequency": "PT5M",
        "queryPeriod": "PT1H",
        "triggerOperator": "GreaterThan",
        "triggerThreshold": 0,
        "suppressionDuration": "PT5H",
        "suppressionEnabled": false,
        "startTimeUtc": null,
        "tactics": [
          "PrivilegeEscalation"
        ],
        "techniques": [],
        "subTechniques": [],
        "alertRuleTemplateName": null,
        "incidentConfiguration": {
          "createIncident": true,
          "groupingConfiguration": {
            "enabled": true,
            "reopenClosedIncident": false,
            "lookbackDuration": "PT5H",
            "matchingMethod": "AllEntities",
            "groupByEntities": [],
            "groupByAlertDetails": [],
            "groupByCustomDetails": []
          }
        },
        "eventGroupingSettings": {
          "aggregationKind": "SingleAlert"
        },
        "alertDetailsOverride": null,
        "customDetails": null,
        "entityMappings": [
          {
            "entityType": "Account",
            "fieldMappings": [
              {
                "identifier": "AadUserId",
                "columnName": "InitiatorID"
              }
            ]
          },
          {
            "entityType": "Account",
            "fieldMappings": [
              {
                "identifier": "AadUserId",
                "columnName": "TargetID"
              }
            ]
          }
        ],
        "sentinelEntitiesMappings": null,
        "templateVersion": null
      }
    }
  ]
}