{
  "$schema": "https://schema.management.azure.com/schemas/2019-04-01/deploymentTemplate.json#",
  "contentVersion": "1.0.0.0",
  "parameters": {
    "workspace": {
      "type": "String"
    }
  },
  "resources": [
    {
      "id": "[concat(resourceId('Microsoft.OperationalInsights/workspaces/providers', parameters('workspace'), 'Microsoft.SecurityInsights'),'/alertRules/c220acf2-b8bb-436d-ad4f-7e3174bbf5a1')]",
      "name": "[concat(parameters('workspace'),'/Microsoft.SecurityInsights/c220acf2-b8bb-436d-ad4f-7e3174bbf5a1')]",
      "type": "Microsoft.OperationalInsights/workspaces/providers/alertRules",
      "kind": "Scheduled",
      "apiVersion": "2023-12-01-preview",
      "properties": {
        "displayName": "CUSTOM: Possible Privilege Escalation (Azure Key Vault Critical Credential Retrieval or Update)",
        "description": "",
        "severity": "High",
        "enabled": true,
        "query": "// Updating a specific existing password Success\nlet CRITICAL_PASSWORD_NAME = \"Tenant-Global-Admin-Password\";\nAzureDiagnostics\n| where ResourceProvider == \"MICROSOFT.KEYVAULT\" \n| where OperationName == \"SecretGet\" or OperationName == \"SecretSet\"\n| where id_s contains CRITICAL_PASSWORD_NAME",
        "queryFrequency": "PT10M",
        "queryPeriod": "PT5H",
        "triggerOperator": "GreaterThan",
        "triggerThreshold": 0,
        "suppressionDuration": "PT5H",
        "suppressionEnabled": false,
        "startTimeUtc": null,
        "tactics": [
          "PrivilegeEscalation"
        ],
        "techniques": [],
        "subTechniques": [],
        "alertRuleTemplateName": null,
        "incidentConfiguration": {
          "createIncident": true,
          "groupingConfiguration": {
            "enabled": true,
            "reopenClosedIncident": false,
            "lookbackDuration": "PT5H",
            "matchingMethod": "AllEntities",
            "groupByEntities": [],
            "groupByAlertDetails": [],
            "groupByCustomDetails": []
          }
        },
        "eventGroupingSettings": {
          "aggregationKind": "SingleAlert"
        },
        "alertDetailsOverride": null,
        "customDetails": null,
        "entityMappings": [
          {
            "entityType": "IP",
            "fieldMappings": [
              {
                "identifier": "Address",
                "columnName": "CallerIPAddress"
              }
            ]
          }
        ],
        "sentinelEntitiesMappings": null,
        "templateVersion": null
      }
    }
  ]
}