{
  "$schema": "https://schema.management.azure.com/schemas/2019-04-01/deploymentTemplate.json#",
  "contentVersion": "1.0.0.0",
  "parameters": {
    "workspace": {
      "type": "String"
    }
  },
  "resources": [
    {
      "id": "[concat(resourceId('Microsoft.OperationalInsights/workspaces/providers', parameters('workspace'), 'Microsoft.SecurityInsights'),'/alertRules/5b3b873a-3204-4983-9533-88b4a9c71c2d')]",
      "name": "[concat(parameters('workspace'),'/Microsoft.SecurityInsights/5b3b873a-3204-4983-9533-88b4a9c71c2d')]",
      "type": "Microsoft.OperationalInsights/workspaces/providers/alertRules",
      "kind": "Scheduled",
      "apiVersion": "2023-12-01-preview",
      "properties": {
        "displayName": "CUSTOM: Brute Force SUCCESS - Windows",
        "description": "If you see a SUCCESS but the Account is \"NT AUTHORITY\\ANONYMOUS LOGON\", check out this article: https://www.inversecos.com/2020/04/successful-4624-anonymous-logons-to.html",
        "severity": "High",
        "enabled": true,
        "query": "// Brute Force Success Windows\nlet FailedLogons = SecurityEvent\n| where EventID == 4625 and LogonType == 3\n| where TimeGenerated > ago(1h)\n| summarize FailureCount = count() by AttackerIP = IpAddress, EventID, Activity, LogonType, DestinationHostName = Computer\n| where FailureCount >= 5;\nlet SuccessfulLogons = SecurityEvent\n| where EventID == 4624 and LogonType == 3\n| where TimeGenerated > ago(1h)\n| summarize SuccessfulCount = count() by AttackerIP = IpAddress, LogonType, DestinationHostName = Computer, AuthenticationSuccessTime = TimeGenerated;\nSuccessfulLogons\n| join kind = inner FailedLogons on DestinationHostName, AttackerIP, LogonType\n| project AuthenticationSuccessTime, AttackerIP, DestinationHostName, FailureCount, SuccessfulCount\n",
        "queryFrequency": "PT59M",
        "queryPeriod": "PT1H",
        "triggerOperator": "GreaterThan",
        "triggerThreshold": 0,
        "suppressionDuration": "PT5H",
        "suppressionEnabled": false,
        "startTimeUtc": null,
        "tactics": [
          "CredentialAccess"
        ],
        "techniques": [
          "T1110"
        ],
        "subTechniques": [],
        "alertRuleTemplateName": null,
        "incidentConfiguration": {
          "createIncident": true,
          "groupingConfiguration": {
            "enabled": true,
            "reopenClosedIncident": false,
            "lookbackDuration": "PT1H",
            "matchingMethod": "AllEntities",
            "groupByEntities": [],
            "groupByAlertDetails": [],
            "groupByCustomDetails": []
          }
        },
        "eventGroupingSettings": {
          "aggregationKind": "AlertPerResult"
        },
        "alertDetailsOverride": null,
        "customDetails": null,
        "entityMappings": [
          {
            "entityType": "IP",
            "fieldMappings": [
              {
                "identifier": "Address",
                "columnName": "AttackerIP"
              }
            ]
          },
          {
            "entityType": "Host",
            "fieldMappings": [
              {
                "identifier": "HostName",
                "columnName": "DestinationHostName"
              }
            ]
          }
        ],
        "sentinelEntitiesMappings": null,
        "templateVersion": null
      }
    }
  ]
}